{
    "Ground": {
        "min_x": -1.775311529636383,
        "max_y": 1.7738961577415466,
        "max_x": 1.7748633027076721,
        "min_y": -1.7751800417900085
    },
    "LongGoal": {
        "LongGoal_0": {
            "x": -1.1800058355331422,
            "min_y": -0.6096779108047485,
            "max_y": 0.609677791595459
        },
        "LongGoal_1": {
            "x": 1.1785806884765626,
            "min_y": -0.609677791595459,
            "max_y": 0.6096778512001038
        }
    },
    "Loader": {
        "Loader_0": {
            "x": 1.1685807704925537,
            "y": -1.6926594686508178
        },
        "Loader_1": {
            "x": 1.168595314025879,
            "y": 1.6926139307022094
        },
        "Loader_2": {
            "x": -1.1685680150985718,
            "y": 1.6926594686508178
        },
        "Loader_3": {
            "x": -1.1685826778411865,
            "y": -1.6926139307022094
        }
    },
    "CenterGoal": {
        "CenterGoal_0": {
            "local_pose": {
                "min_x": -0.05186542868614197,
                "max_x": 0.051862139254808426,
                "min_y": -0.2828895151615143,
                "max_y": 0.2818816602230072
            },
            "world_matrix": [
                [
                    0.7071067690849304,
                    -0.7071067690849304,
                    0.0,
                    -0.0003483332693576813
                ],
                [
                    0.7071067690849304,
                    0.7071067690849304,
                    0.0,
                    0.00035844655940309167
                ],
                [
                    0.0,
                    0.0,
                    1.0,
                    -0.2052008956670761
                ],
                [
                    0.0,
                    0.0,
                    0.0,
                    1.0
                ]
            ]
        },
        "CenterGoal_1": {
            "local_pose": {
                "min_x": -0.06937672942876816,
                "max_x": 0.06893875449895859,
                "min_y": -0.28194525837898254,
                "max_y": 0.28282520174980164
            },
            "world_matrix": [
                [
                    0.7071067690849304,
                    0.7071067690849304,
                    0.0,
                    -0.00014902616385370493
                ],
                [
                    -0.7071067690849304,
                    0.7071067690849304,
                    0.0,
                    -0.0004694963281508535
                ],
                [
                    0.0,
                    0.0,
                    1.0,
                    -0.02599538490176201
                ],
                [
                    0.0,
                    0.0,
                    0.0,
                    1.0
                ]
            ]
        }
    }
}